Agate,back
Al,bank
Amber,bard
Amethyst,baron
Ametrine,basin
Ander,bay
Apple,beach
Arbor,beck
Ard,bell
Arrow,berg
Ash,black
Ashen,bluff
Aubrn,blum
Autumn,bog
Back,border
Bain,borough
Baldur,bourg
Bane,bourne
Barrow,brake
Basalt, Beach
Bear,bridge
Beech,brook
Bel,burg
Belle,bury
Beryl,call
Big, Camp
Birch, Castle
Bitter,chester
Black, City
Blade,corner
Blue,cott
Bog,court
Bone, Cove
Border,crag
Boulder, Creek
Brass,crest
Break, Cross
Breeze, Crossroad
Briar,crown
Bridge,dage
Bright,dale
Brim,dane
Burn,dark
Castle,del
Cedar, Dike
Chamber,dorf
Chill,dune
Cinbder, Encampment
Clay, Edge
Cold,end
Condor,fair
Corner,fall
Crab, Falls
Crag,fast
Craw,feldt
Crown,fell
Crystal,felt
Dag,field
Dark,flint
Day,font
Dead, Ford
Deep, Forge
Dire, Forks
Dragon,forth
Drake,full
Draken, Garden
Dread, Gate
Dusk,gem
Eagle,gill
East, Glen
Ebon,glow
Eden,grad
Edge, Grove
Elder,guard
Elm,ham
Ember, Hamlet
Emerald,hand
Ever, Harbour
Fae,haven
Faire,head
Fal,heart
Fel,heed
Fey,heim
Fir,helm
Fire, Hill
Flint, Hold
Fog, Hollow
Fort,holm
Free,home
Full,holt
Gay, Home
Gem,hood
Glow, Horse
Gold,ington
Grand, Inlet
Granite, Island
Grass, Isle
Grave,joy
Gray, Junction
Green, Keep
Grey, Krag
Griffon, Lagoon
Gryphon,lain
Guild, Lake
Galf,land
Hallow, Landing
Hammer,lands
Hard,law
Hawk,leap
Heart,ledge
Hearth,letter
Heath,light
Hedge, Line
Hem,loft
High, Mane
Hills, March
Hollow, Marsh
Home, Mass
Hope, Mesa
Horn, Mile
Iron, Mill
Jade,mond
Jasper,mont
Kent,more
Key, Moor
King,mora
Kings,mount
Kirk,mouth
Kraig,nook
Lady,pad
Lake,park
Larch, Pass
Law, Path
Leaf, Peak
Ledge,perch
Ley, Pier
Lime,pine
Lion, Pines
Little, Point
Liver,pond
Loch,poole
Lone, Pool
Love,port
Low, Quarry
Maiden,quil
Main, Quill
Man,quin
Mans, Quinn
Maple,rain
Marble, Rapids
March,ray
Mason,reach
Mass,reign
May, Rest
Mead,ridge
Meadow,right
Mid, River
Middle, Rock
Mine, Roost
Mist,roth
Moon,rott
Mrd,row
Moss, Rowe
Mourn, Run
Mud,rune
Murk,sand
Myst, Settlement
Night,shadow
Nettle,sharp
Never, Sharpe
New,shaw
North,shield
Oak,shine
Old, Shire
Onyx, Shore
Opal,side
Pale, Sierra
Peace,sol
Pike,son
Pine,sor
Plum,sound
Point,spear
Pond, Spot
Port, Square
Prince,stad
Pyre,stain
Queen,stane
Queens,star
Quiet, Station
Rain,stead
Rainbow, Steppe
Ram,stock
Raven,ston
Red,stone
Rex,stow
Rich,strand
Ridge,strike
Ring, Summit
River,sword
Rock,sworth
Rose,tarn
Ruby, Tear
Sage,thorn
Sand,thorne
Sea,thorpe
Sedge,throw
Shade,ton
Sharp,town
Shatter, Township
Shaw, Traile
Shell,tucket
Shield,vale
Shire,valt
Shore, Valley
Silver, Vanguard
Skull, Vault
Sky,veldt
Slade,view
Snow, Village
Sound,ville
South, Wake
Spine, Wall
Spring,ward
Stan,wash
Star, Watch
Still,water
Stock, Way
Sony,weald
Storm,well
Stout, Wharf
Strom,wheel
Summer,wich
Sun,wick
Sunny,wild
Sword,wile
Tangle,will
Templeton,wind
Timber,wing
Torch,wood
Tower,worth
Tree,wright
True,wyn
Tumble,
Twin,
Tyr,
Umber,
Under,
Upper,
Wall,
Wake,
War,
Way,
Wedge,
West,
Wet,
Whet,
White,
Will,
Willow,
Water,
Wild,
Wind,
Winter,
Wren,
Wolf,
Wood,
Yew,